School Name,K #, %,1 #, %,2 #, %,3 #, %,4 #, %,5 #, %,6 #, %,7 #, %,8 #, %
State,354,1.2,321,1,203,0.6,135,0.4,63,0.2,41,0.1,71,0.2,85,0.2,199,0.5
Clark,140,<5,169,<5,96,<5,65,<5,32,<5,12,<5,38,<5,54,<5,150,<5
100 Academy ES,-,-,0,<5,0,<5,0,<5,0,<5,0,<5,N/A,N/A,N/A,N/A,N/A,N/A
100 Academy MS,N/A,N/A,N/A,N/A,N/A,N/A,N/A,N/A,N/A,N/A,N/A,N/A,0,<5,0,<5,0,<5
"Abston, Sandra B ES",-,-,-,-,0,<5,0,<5,0,<5,0,<5,N/A,N/A,N/A,N/A,N/A,N/A
Adams ES,-,-,0,<5,0,<5,0,<5,0,<5,0,<5,N/A,N/A,N/A,N/A,N/A,N/A
Adcock ES,0,<5,0,<5,0,<5,0,<5,0,<5,0,<5,N/A,N/A,N/A,N/A,N/A,N/A
Alamo ES,0,<5,0,<5,0,<5,0,<5,0,<5,0,<5,N/A,N/A,N/A,N/A,N/A,N/A
Allen ES,0,<5,0,<5,0,<5,0,<5,0,<5,0,<5,N/A,N/A,N/A,N/A,N/A,N/A
Antonello ES,0,<5,-,-,0,<5,-,-,0,<5,0,<5,N/A,N/A,N/A,N/A,N/A,N/A
Bailey (Sister) ES,0,<5,0,<5,0,<5,0,<5,0,<5,0,<5,N/A,N/A,N/A,N/A,N/A,N/A
Bailey MS,N/A,N/A,N/A,N/A,N/A,N/A,N/A,N/A,N/A,N/A,N/A,N/A,0,<5,0,<5,-,-
Bartlett ES,0,<5,0,<5,-,-,0,<5,0,<5,0,<5,N/A,N/A,N/A,N/A,N/A,N/A
Bass ES,0,<5,-,-,0,<5,0,<5,0,<5,0,<5,N/A,N/A,N/A,N/A,N/A,N/A
Batterman ES,0,<5,0,<5,0,<5,0,<5,0,<5,0,<5,N/A,N/A,N/A,N/A,N/A,N/A
Beatty ES,-,-,-,-,0,<5,0,<5,0,<5,0,<5,N/A,N/A,N/A,N/A,N/A,N/A
Becker MS,N/A,N/A,N/A,N/A,N/A,N/A,N/A,N/A,N/A,N/A,N/A,N/A,-,-,0,<5,0,<5
Beckley ES,0,<5,-,-,-,-,-,-,0,<5,0,<5,N/A,N/A,N/A,N/A,N/A,N/A
Bell ES,0,<5,0,<5,0,<5,0,<5,0,<5,0,<5,N/A,N/A,N/A,N/A,N/A,N/A
Bendorf ES,0,<5,0,<5,0,<5,-,-,0,<5,0,<5,N/A,N/A,N/A,N/A,N/A,N/A
Bennett ES,-,-,-,-,0,<5,0,<5,0,<5,0,<5,N/A,N/A,N/A,N/A,N/A,N/A
Berkley ES,0,<5,0,<5,0,<5,0,<5,0,<5,0,<5,N/A,N/A,N/A,N/A,N/A,N/A
Bilbray ES,0,<5,0,<5,0,<5,0,<5,0,<5,0,<5,N/A,N/A,N/A,N/A,N/A,N/A
Blackhurst ES,-,-,0,<5,-,-,0,<5,-,-,-,-,N/A,N/A,N/A,N/A,N/A,N/A
Blue Diamond ES,0,<5,0,<5,0,<5,0,<5,0,<5,0,<5,N/A,N/A,N/A,N/A,N/A,N/A
Bonner ES,-,-,-,-,0,<5,0,<5,0,<5,0,<5,N/A,N/A,N/A,N/A,N/A,N/A
Booker ES,0,<5,0,<5,0,<5,0,<5,0,<5,0,<5,N/A,N/A,N/A,N/A,N/A,N/A
Bowler (Grant) ES,0,<5,0,<5,0,<5,0,<5,0,<5,0,<5,N/A,N/A,N/A,N/A,N/A,N/A
Bowler (Joseph) ES,0,<5,0,<5,0,<5,0,<5,0,<5,0,<5,N/A,N/A,N/A,N/A,N/A,N/A
Bozarth ES,0,<5,0,<5,0,<5,0,<5,0,<5,0,<5,N/A,N/A,N/A,N/A,N/A,N/A
Bracken ES,0,<5,0,<5,0,<5,0,<5,0,<5,0,<5,N/A,N/A,N/A,N/A,N/A,N/A
Bridger MS,N/A,N/A,N/A,N/A,N/A,N/A,N/A,N/A,N/A,N/A,N/A,N/A,-,-,0,<5,0,<5
Brinley MS,N/A,N/A,N/A,N/A,N/A,N/A,N/A,N/A,N/A,N/A,N/A,N/A,0,<5,0,<5,-,-
Brookman ES,0,<5,0,<5,0,<5,0,<5,0,<5,0,<5,N/A,N/A,N/A,N/A,N/A,N/A
Brown JHS,N/A,N/A,N/A,N/A,N/A,N/A,N/A,N/A,N/A,N/A,N/A,N/A,0,<5,0,<5,0,<5
"Brown, Hannah Marie ES",-,-,0,<5,0,<5,-,-,0,<5,0,<5,N/A,N/A,N/A,N/A,N/A,N/A
Bruner ES,0,<5,0,<5,-,-,0,<5,0,<5,0,<5,N/A,N/A,N/A,N/A,N/A,N/A
Bryan (Richard) ES,0,<5,-,-,0,<5,0,<5,0,<5,0,<5,N/A,N/A,N/A,N/A,N/A,N/A
Bryan (Roger) ES,0,<5,0,<5,0,<5,0,<5,0,<5,0,<5,N/A,N/A,N/A,N/A,N/A,N/A
Bunker ES,-,-,0,<5,0,<5,0,<5,0,<5,0,<5,N/A,N/A,N/A,N/A,N/A,N/A
Burkholder MS,N/A,N/A,N/A,N/A,N/A,N/A,N/A,N/A,N/A,N/A,N/A,N/A,0,<5,0,<5,0,<5
Cadwallader MS,N/A,N/A,N/A,N/A,N/A,N/A,N/A,N/A,N/A,N/A,N/A,N/A,0,<5,0,<5,-,-
Cahlan ES,-,-,-,-,-,-,0,<5,0,<5,0,<5,N/A,N/A,N/A,N/A,N/A,N/A
Cambeiro ES,0,<5,0,<5,0,<5,0,<5,0,<5,0,<5,N/A,N/A,N/A,N/A,N/A,N/A
Canarelli MS,N/A,N/A,N/A,N/A,N/A,N/A,N/A,N/A,N/A,N/A,N/A,N/A,0,<5,0,<5,0,<5
Cannon JHS,N/A,N/A,N/A,N/A,N/A,N/A,N/A,N/A,N/A,N/A,N/A,N/A,0,<5,0,<5,-,-
Carl ES,0,<5,-,-,-,-,0,<5,-,-,-,-,N/A,N/A,N/A,N/A,N/A,N/A
Carson ES,0,<5,-,-,0,<5,0,<5,0,<5,0,<5,N/A,N/A,N/A,N/A,N/A,N/A
Cartwright ES,0,<5,-,-,0,<5,0,<5,0,<5,0,<5,N/A,N/A,N/A,N/A,N/A,N/A
Cashman MS,N/A,N/A,N/A,N/A,N/A,N/A,N/A,N/A,N/A,N/A,N/A,N/A,0,<5,0,<5,0,<5
CC Detention,N/A,N/A,N/A,N/A,N/A,N/A,N/A,N/A,N/A,N/A,N/A,N/A,N/A,N/A,N/A,N/A,N/A,N/A
Christensen ES,0,<5,0,<5,-,-,-,-,0,<5,0,<5,N/A,N/A,N/A,N/A,N/A,N/A
Conners ES,0,<5,0,<5,0,<5,0,<5,0,<5,0,<5,N/A,N/A,N/A,N/A,N/A,N/A
Cortez ES,-,-,0,<5,-,-,0,<5,0,<5,-,-,N/A,N/A,N/A,N/A,N/A,N/A
Cortney JHS,N/A,N/A,N/A,N/A,N/A,N/A,N/A,N/A,N/A,N/A,N/A,N/A,0,<5,0,<5,0,<5
Cowan Behavior Jr/Sr HS,N/A,N/A,N/A,N/A,N/A,N/A,N/A,N/A,N/A,N/A,N/A,N/A,N/A,N/A,0,<5,0,<5
Cox (Clyde) ES,0,<5,0,<5,0,<5,0,<5,0,<5,0,<5,N/A,N/A,N/A,N/A,N/A,N/A
Cox (David) ES,-,-,0,<5,-,-,-,-,0,<5,0,<5,N/A,N/A,N/A,N/A,N/A,N/A
Cozine ES,0,<5,-,-,0,<5,0,<5,0,<5,0,<5,N/A,N/A,N/A,N/A,N/A,N/A
Craig ES,0,<5,0,<5,0,<5,0,<5,0,<5,0,<5,N/A,N/A,N/A,N/A,N/A,N/A
Cram MS,N/A,N/A,N/A,N/A,N/A,N/A,N/A,N/A,N/A,N/A,N/A,N/A,0,<5,-,-,0,<5
Crestwood ES,-,-,-,-,-,-,-,-,-,-,0,<5,N/A,N/A,N/A,N/A,N/A,N/A
Culley ES,-,-,0,<5,-,-,-,-,-,-,0,<5,N/A,N/A,N/A,N/A,N/A,N/A
Cunningham ES,0,<5,-,-,0,<5,0,<5,0,<5,0,<5,N/A,N/A,N/A,N/A,N/A,N/A
Dailey ES,-,-,-,-,0,<5,0,<5,0,<5,0,<5,N/A,N/A,N/A,N/A,N/A,N/A
Darnell ES,0,<5,-,-,-,-,-,-,0,<5,0,<5,N/A,N/A,N/A,N/A,N/A,N/A
Dearing ES,-,-,-,-,0,<5,0,<5,0,<5,0,<5,N/A,N/A,N/A,N/A,N/A,N/A
Decker ES,-,-,-,-,0,<5,-,-,0,<5,0,<5,N/A,N/A,N/A,N/A,N/A,N/A
Delta Academy,N/A,N/A,N/A,N/A,N/A,N/A,N/A,N/A,N/A,N/A,N/A,N/A,-,-,-,-,-,-
Dennis Ortwein Elementary,0,<5,0,<5,0,<5,0,<5,0,<5,0,<5,N/A,N/A,N/A,N/A,N/A,N/A
Derfelt ES,0,<5,0,<5,0,<5,-,-,0,<5,-,-,N/A,N/A,N/A,N/A,N/A,N/A
Desert Willow ES,N/A,N/A,N/A,N/A,N/A,N/A,N/A,N/A,0,<5,N/A,N/A,N/A,N/A,N/A,N/A,N/A,N/A
Desert Willow Secondary,N/A,N/A,N/A,N/A,N/A,N/A,N/A,N/A,N/A,N/A,N/A,N/A,N/A,N/A,0,<5,0,<5
Deskin ES,-,-,0,<5,0,<5,0,<5,0,<5,0,<5,N/A,N/A,N/A,N/A,N/A,N/A
Detwiler ES,0,<5,0,<5,0,<5,0,<5,0,<5,0,<5,N/A,N/A,N/A,N/A,N/A,N/A
Diaz ES,-,-,0,<5,0,<5,0,<5,-,-,0,<5,N/A,N/A,N/A,N/A,N/A,N/A
Dickens ES,0,<5,-,-,0,<5,0,<5,0,<5,0,<5,N/A,N/A,N/A,N/A,N/A,N/A
Diskin ES,0,<5,0,<5,0,<5,0,<5,0,<5,0,<5,N/A,N/A,N/A,N/A,N/A,N/A
Dondero ES,-,-,0,<5,0,<5,0,<5,0,<5,0,<5,N/A,N/A,N/A,N/A,N/A,N/A
Dooley ES,0,<5,0,<5,0,<5,0,<5,0,<5,0,<5,N/A,N/A,N/A,N/A,N/A,N/A
Duncan ES,0,<5,0,<5,0,<5,0,<5,0,<5,0,<5,N/A,N/A,N/A,N/A,N/A,N/A
Earl (Ira) ES,-,-,-,-,-,-,-,-,0,<5,0,<5,N/A,N/A,N/A,N/A,N/A,N/A
Earl (Marion) ES,0,<5,0,<5,-,-,0,<5,0,<5,0,<5,N/A,N/A,N/A,N/A,N/A,N/A
Edwards ES,-,-,0,<5,0,<5,0,<5,0,<5,0,<5,N/A,N/A,N/A,N/A,N/A,N/A
Eisenberg ES,0,<5,0,<5,0,<5,0,<5,0,<5,0,<5,N/A,N/A,N/A,N/A,N/A,N/A
Elizondo ES,0,<5,-,-,-,-,-,-,-,-,0,<5,N/A,N/A,N/A,N/A,N/A,N/A
Ellis ES,0,<5,0,<5,-,-,0,<5,0,<5,0,<5,N/A,N/A,N/A,N/A,N/A,N/A
Escobedo MS,N/A,N/A,N/A,N/A,N/A,N/A,N/A,N/A,N/A,N/A,N/A,N/A,0,<5,0,<5,0,<5
Explore Knowledge ES,-,-,0,<5,0,<5,0,<5,0,<5,-,-,N/A,N/A,N/A,N/A,N/A,N/A
Explore Knowledge SEC,N/A,N/A,N/A,N/A,N/A,N/A,N/A,N/A,N/A,N/A,N/A,N/A,-,-,-,-,-,-
Faiss MS,N/A,N/A,N/A,N/A,N/A,N/A,N/A,N/A,N/A,N/A,N/A,N/A,0,<5,-,-,0,<5
Ferron ES,-,-,-,-,0,<5,0,<5,0,<5,0,<5,N/A,N/A,N/A,N/A,N/A,N/A
Fertitta MS,N/A,N/A,N/A,N/A,N/A,N/A,N/A,N/A,N/A,N/A,N/A,N/A,-,-,-,-,-,-
Findlay MS,N/A,N/A,N/A,N/A,N/A,N/A,N/A,N/A,N/A,N/A,N/A,N/A,0,<5,0,<5,0,<5
Fine ES,0,<5,0,<5,0,<5,0,<5,0,<5,0,<5,N/A,N/A,N/A,N/A,N/A,N/A
Fitzgerald ES,-,-,-,-,0,<5,0,<5,0,<5,0,<5,N/A,N/A,N/A,N/A,N/A,N/A
Fong ES,0,<5,-,-,0,<5,0,<5,0,<5,0,<5,N/A,N/A,N/A,N/A,N/A,N/A
Forbuss ES,0,<5,0,<5,0,<5,0,<5,0,<5,0,<5,N/A,N/A,N/A,N/A,N/A,N/A
Fremont MS,N/A,N/A,N/A,N/A,N/A,N/A,N/A,N/A,N/A,N/A,N/A,N/A,-,-,0,<5,0,<5
French ES,-,-,-,-,-,-,-,-,-,-,0,<5,N/A,N/A,N/A,N/A,N/A,N/A
Frias ES,0,<5,-,-,-,-,0,<5,0,<5,0,<5,N/A,N/A,N/A,N/A,N/A,N/A
Galloway ES,-,-,0,<5,0,<5,0,<5,0,<5,0,<5,N/A,N/A,N/A,N/A,N/A,N/A
Garehime ES,0,<5,0,<5,0,<5,0,<5,0,<5,0,<5,N/A,N/A,N/A,N/A,N/A,N/A
Garrett JHS,N/A,N/A,N/A,N/A,N/A,N/A,N/A,N/A,N/A,N/A,N/A,N/A,0,<5,-,-,-,-
Garside JHS,N/A,N/A,N/A,N/A,N/A,N/A,N/A,N/A,N/A,N/A,N/A,N/A,0,<5,-,-,0,<5
Gehring ES,0,<5,-,-,-,-,0,<5,0,<5,0,<5,N/A,N/A,N/A,N/A,N/A,N/A
Gibson (James) ES,0,<5,0,<5,0,<5,0,<5,0,<5,0,<5,N/A,N/A,N/A,N/A,N/A,N/A
Gibson (Robert) MS,N/A,N/A,N/A,N/A,N/A,N/A,N/A,N/A,N/A,N/A,N/A,N/A,0,<5,0,<5,0,<5
Gilbert ES,0,<5,0,<5,0,<5,0,<5,0,<5,0,<5,N/A,N/A,N/A,N/A,N/A,N/A
Givens ES,0,<5,-,-,0,<5,0,<5,0,<5,0,<5,N/A,N/A,N/A,N/A,N/A,N/A
Goldfarb ES,0,<5,-,-,-,-,-,-,0,<5,0,<5,N/A,N/A,N/A,N/A,N/A,N/A
Goodsprings ES,N/A,N/A,N/A,N/A,N/A,N/A,0,<5,0,<5,0,<5,N/A,N/A,N/A,N/A,N/A,N/A
Goolsby ES,-,-,0,<5,0,<5,0,<5,0,<5,0,<5,N/A,N/A,N/A,N/A,N/A,N/A
Goynes ES,0,<5,0,<5,0,<5,0,<5,0,<5,0,<5,N/A,N/A,N/A,N/A,N/A,N/A
Gragson ES,0,<5,0,<5,0,<5,0,<5,0,<5,0,<5,N/A,N/A,N/A,N/A,N/A,N/A
Gray ES,-,-,-,-,0,<5,-,-,0,<5,0,<5,N/A,N/A,N/A,N/A,N/A,N/A
Greenspun JHS,N/A,N/A,N/A,N/A,N/A,N/A,N/A,N/A,N/A,N/A,N/A,N/A,0,<5,0,<5,-,-
Griffith ES,-,-,-,-,-,-,-,-,-,-,0,<5,N/A,N/A,N/A,N/A,N/A,N/A
Guinn MS,N/A,N/A,N/A,N/A,N/A,N/A,N/A,N/A,N/A,N/A,N/A,N/A,0,<5,0,<5,23,7.2
"Gunderson, Barry and June MS",N/A,N/A,N/A,N/A,N/A,N/A,N/A,N/A,N/A,N/A,N/A,N/A,0,<5,0,<5,-,-
Guy ES,0,<5,0,<5,0,<5,0,<5,0,<5,0,<5,N/A,N/A,N/A,N/A,N/A,N/A
Hancock ES,-,-,-,-,-,-,-,-,0,<5,0,<5,N/A,N/A,N/A,N/A,N/A,N/A
Harmon ES,0,<5,-,-,0,<5,0,<5,-,-,0,<5,N/A,N/A,N/A,N/A,N/A,N/A
Harney MS,N/A,N/A,N/A,N/A,N/A,N/A,N/A,N/A,N/A,N/A,N/A,N/A,0,<5,0,<5,-,-
Harris ES,-,-,0,<5,-,-,0,<5,0,<5,0,<5,N/A,N/A,N/A,N/A,N/A,N/A
Hayden ES,-,-,-,-,0,<5,0,<5,0,<5,0,<5,N/A,N/A,N/A,N/A,N/A,N/A
Hayes ES,0,<5,0,<5,0,<5,0,<5,0,<5,0,<5,N/A,N/A,N/A,N/A,N/A,N/A
Heard Academy ES,0,<5,0,<5,0,<5,0,<5,0,<5,0,<5,N/A,N/A,N/A,N/A,N/A,N/A
Heckethorn ES,0,<5,0,<5,0,<5,0,<5,0,<5,0,<5,N/A,N/A,N/A,N/A,N/A,N/A
Herr ES,0,<5,0,<5,0,<5,0,<5,0,<5,0,<5,N/A,N/A,N/A,N/A,N/A,N/A
Herron ES,0,<5,-,-,-,-,0,<5,-,-,0,<5,N/A,N/A,N/A,N/A,N/A,N/A
Hewetson ES,0,<5,0,<5,0,<5,0,<5,-,-,0,<5,N/A,N/A,N/A,N/A,N/A,N/A
Hickey ES,-,-,0,<5,-,-,0,<5,0,<5,0,<5,N/A,N/A,N/A,N/A,N/A,N/A
Hill ES,0,<5,0,<5,0,<5,0,<5,0,<5,0,<5,N/A,N/A,N/A,N/A,N/A,N/A
Hinman ES,0,<5,0,<5,0,<5,0,<5,0,<5,0,<5,N/A,N/A,N/A,N/A,N/A,N/A
Hoggard ES,0,<5,0,<5,0,<5,0,<5,0,<5,0,<5,N/A,N/A,N/A,N/A,N/A,N/A
Hollingsworth ES,-,-,-,-,-,-,0,<5,-,-,0,<5,N/A,N/A,N/A,N/A,N/A,N/A
Hughes MS,N/A,N/A,N/A,N/A,N/A,N/A,N/A,N/A,N/A,N/A,N/A,N/A,0,<5,0,<5,0,<5
Hummel ES,0,<5,-,-,0,<5,0,<5,0,<5,0,<5,N/A,N/A,N/A,N/A,N/A,N/A
Hyde Park MS,N/A,N/A,N/A,N/A,N/A,N/A,N/A,N/A,N/A,N/A,N/A,N/A,0,<5,0,<5,0,<5
Indian Springs ES,0,<5,0,<5,0,<5,0,<5,0,<5,0,<5,N/A,N/A,N/A,N/A,N/A,N/A
Indian Springs MS,N/A,N/A,N/A,N/A,N/A,N/A,N/A,N/A,N/A,N/A,N/A,N/A,0,<5,0,<5,0,<5
Innovations Charter SEC,N/A,N/A,N/A,N/A,N/A,N/A,N/A,N/A,N/A,N/A,N/A,N/A,-,-,-,-,-,-
Innovations International ES,0,<5,0,<5,0,<5,0,<5,-,-,0,<5,N/A,N/A,N/A,N/A,N/A,N/A
Iverson ES,0,<5,0,<5,0,<5,0,<5,0,<5,0,<5,N/A,N/A,N/A,N/A,N/A,N/A
Jacobson ES,0,<5,-,-,0,<5,0,<5,-,-,0,<5,N/A,N/A,N/A,N/A,N/A,N/A
Jeffers ES,0,<5,0,<5,0,<5,0,<5,0,<5,0,<5,N/A,N/A,N/A,N/A,N/A,N/A
"Jenkins, Earl N ES",0,<5,0,<5,-,-,0,<5,0,<5,0,<5,N/A,N/A,N/A,N/A,N/A,N/A
Johnson JHS,N/A,N/A,N/A,N/A,N/A,N/A,N/A,N/A,N/A,N/A,N/A,N/A,-,-,-,-,-,-
Johnston MS,N/A,N/A,N/A,N/A,N/A,N/A,N/A,N/A,N/A,N/A,N/A,N/A,0,<5,0,<5,-,-
Juvenile Detention 3-12,N/A,N/A,N/A,N/A,N/A,N/A,N/A,N/A,N/A,N/A,N/A,N/A,N/A,N/A,N/A,N/A,0,<5
Jydstrup ES,-,-,-,-,-,-,0,<5,0,<5,0,<5,N/A,N/A,N/A,N/A,N/A,N/A
Kahre ES,0,<5,0,<5,0,<5,0,<5,0,<5,0,<5,N/A,N/A,N/A,N/A,N/A,N/A
Katz ES,-,-,-,-,-,-,0,<5,0,<5,0,<5,N/A,N/A,N/A,N/A,N/A,N/A
Keller ES,-,-,-,-,-,-,0,<5,0,<5,0,<5,N/A,N/A,N/A,N/A,N/A,N/A
Keller (Duane) MS,N/A,N/A,N/A,N/A,N/A,N/A,N/A,N/A,N/A,N/A,N/A,N/A,0,<5,0,<5,0,<5
Kelly ES,0,<5,0,<5,0,<5,0,<5,0,<5,0,<5,N/A,N/A,N/A,N/A,N/A,N/A
Kenneth Divich Elementary,0,<5,0,<5,0,<5,0,<5,0,<5,0,<5,N/A,N/A,N/A,N/A,N/A,N/A
Kesterson ES,-,-,0,<5,-,-,0,<5,-,-,0,<5,N/A,N/A,N/A,N/A,N/A,N/A
Kim ES,-,-,-,-,0,<5,0,<5,0,<5,0,<5,N/A,N/A,N/A,N/A,N/A,N/A
King (Martha) ES,N/A,N/A,N/A,N/A,N/A,N/A,-,-,0,<5,0,<5,N/A,N/A,N/A,N/A,N/A,N/A
King (Martin Luther Jr) ES,0,<5,0,<5,0,<5,0,<5,0,<5,0,<5,N/A,N/A,N/A,N/A,N/A,N/A
Knudson MS,N/A,N/A,N/A,N/A,N/A,N/A,N/A,N/A,N/A,N/A,N/A,N/A,0,<5,0,<5,0,<5
Lake ES,-,-,0,<5,0,<5,0,<5,0,<5,0,<5,N/A,N/A,N/A,N/A,N/A,N/A
Lamping ES,-,-,0,<5,-,-,-,-,0,<5,0,<5,N/A,N/A,N/A,N/A,N/A,N/A
Laughlin Jr/Sr HS,N/A,N/A,N/A,N/A,N/A,N/A,N/A,N/A,N/A,N/A,N/A,N/A,0,<5,0,<5,0,<5
Lawrence JHS,N/A,N/A,N/A,N/A,N/A,N/A,N/A,N/A,N/A,N/A,N/A,N/A,-,-,0,<5,13,<5
Leavitt MS,N/A,N/A,N/A,N/A,N/A,N/A,N/A,N/A,N/A,N/A,N/A,N/A,0,<5,0,<5,0,<5
Lied MS,N/A,N/A,N/A,N/A,N/A,N/A,N/A,N/A,N/A,N/A,N/A,N/A,0,<5,0,<5,-,-
Lincoln ES,-,-,-,-,-,-,0,<5,0,<5,0,<5,N/A,N/A,N/A,N/A,N/A,N/A
Long ES,-,-,-,-,-,-,0,<5,0,<5,0,<5,N/A,N/A,N/A,N/A,N/A,N/A
Lowman ES,-,-,-,-,-,-,-,-,0,<5,0,<5,N/A,N/A,N/A,N/A,N/A,N/A
Lummis ES,0,<5,0,<5,0,<5,0,<5,0,<5,0,<5,N/A,N/A,N/A,N/A,N/A,N/A
Lundy ES,N/A,N/A,N/A,N/A,N/A,N/A,N/A,N/A,N/A,N/A,N/A,N/A,N/A,N/A,N/A,N/A,N/A,N/A
Lunt ES,0,<5,0,<5,0,<5,0,<5,0,<5,0,<5,N/A,N/A,N/A,N/A,N/A,N/A
Lynch ES,-,-,0,<5,0,<5,0,<5,0,<5,0,<5,N/A,N/A,N/A,N/A,N/A,N/A
Lyon MS,N/A,N/A,N/A,N/A,N/A,N/A,N/A,N/A,N/A,N/A,N/A,N/A,0,<5,0,<5,0,<5
Mack (Jerome) MS,N/A,N/A,N/A,N/A,N/A,N/A,N/A,N/A,N/A,N/A,N/A,N/A,0,<5,0,<5,-,-
Mack (Nate) ES,0,<5,0,<5,0,<5,0,<5,0,<5,0,<5,N/A,N/A,N/A,N/A,N/A,N/A
Mackey ES,0,<5,0,<5,0,<5,0,<5,0,<5,0,<5,N/A,N/A,N/A,N/A,N/A,N/A
"Mackey, Jo MS",N/A,N/A,N/A,N/A,N/A,N/A,N/A,N/A,N/A,N/A,N/A,N/A,-,-,0,<5,0,<5
Manch ES,-,-,-,-,0,<5,0,<5,0,<5,0,<5,N/A,N/A,N/A,N/A,N/A,N/A
Mannion MS,N/A,N/A,N/A,N/A,N/A,N/A,N/A,N/A,N/A,N/A,N/A,N/A,0,<5,0,<5,-,-
Martin MS,N/A,N/A,N/A,N/A,N/A,N/A,N/A,N/A,N/A,N/A,N/A,N/A,0,<5,0,<5,0,<5
Martinez ES,0,<5,0,<5,0,<5,0,<5,0,<5,0,<5,N/A,N/A,N/A,N/A,N/A,N/A
Mathis ES,0,<5,0,<5,0,<5,0,<5,0,<5,0,<5,N/A,N/A,N/A,N/A,N/A,N/A
May ES,0,<5,0,<5,0,<5,0,<5,0,<5,0,<5,N/A,N/A,N/A,N/A,N/A,N/A
Mc Call ES,0,<5,0,<5,0,<5,0,<5,0,<5,0,<5,N/A,N/A,N/A,N/A,N/A,N/A
Mc Caw ES,-,-,0,<5,0,<5,0,<5,0,<5,0,<5,N/A,N/A,N/A,N/A,N/A,N/A
Mc Doniel ES,-,-,-,-,-,-,-,-,0,<5,0,<5,N/A,N/A,N/A,N/A,N/A,N/A
Mc Millan ES,0,<5,-,-,0,<5,0,<5,0,<5,0,<5,N/A,N/A,N/A,N/A,N/A,N/A
Mc Williams ES,0,<5,0,<5,-,-,-,-,0,<5,0,<5,N/A,N/A,N/A,N/A,N/A,N/A
Mendoza ES,0,<5,-,-,0,<5,0,<5,0,<5,0,<5,N/A,N/A,N/A,N/A,N/A,N/A
Miley Achievement Center ES,0,<5,N/A,N/A,0,<5,0,<5,0,<5,0,<5,N/A,N/A,N/A,N/A,N/A,N/A
Miley Achievement Center Sec,N/A,N/A,N/A,N/A,N/A,N/A,N/A,N/A,N/A,N/A,N/A,N/A,0,<5,0,<5,0,<5
Miller (Bob) MS,N/A,N/A,N/A,N/A,N/A,N/A,N/A,N/A,N/A,N/A,N/A,N/A,0,<5,-,-,-,-
Miller (John) School,0,<5,0,<5,0,<5,0,<5,0,<5,0,<5,0,<5,0,<5,0,<5
Miller (Sandy) ES,0,<5,0,<5,0,<5,0,<5,0,<5,0,<5,N/A,N/A,N/A,N/A,N/A,N/A
Mission High School,N/A,N/A,N/A,N/A,N/A,N/A,N/A,N/A,N/A,N/A,N/A,N/A,N/A,N/A,N/A,N/A,N/A,N/A
Mitchell ES,0,<5,0,<5,-,-,N/A,N/A,N/A,N/A,N/A,N/A,N/A,N/A,N/A,N/A,N/A,N/A
Molasky JHS,N/A,N/A,N/A,N/A,N/A,N/A,N/A,N/A,N/A,N/A,N/A,N/A,0,<5,0,<5,0,<5
Monaco MS,N/A,N/A,N/A,N/A,N/A,N/A,N/A,N/A,N/A,N/A,N/A,N/A,-,-,21,5.9,22,6.2
Moore ES,-,-,0,<5,0,<5,0,<5,0,<5,0,<5,N/A,N/A,N/A,N/A,N/A,N/A
Morrow ES,0,<5,0,<5,0,<5,0,<5,0,<5,0,<5,N/A,N/A,N/A,N/A,N/A,N/A
Mountain View ES,0,<5,0,<5,0,<5,0,<5,0,<5,0,<5,N/A,N/A,N/A,N/A,N/A,N/A
Neal ES,0,<5,0,<5,0,<5,0,<5,0,<5,-,-,N/A,N/A,N/A,N/A,N/A,N/A
Nevada Learning Academy,N/A,N/A,N/A,N/A,N/A,N/A,N/A,N/A,N/A,N/A,N/A,N/A,0,<5,0,<5,33,5.8
Newton ES,-,-,-,-,-,-,0,<5,0,<5,0,<5,N/A,N/A,N/A,N/A,N/A,N/A
NV Learning Academy ES,0,<5,0,<5,-,-,0,<5,-,-,-,-,N/A,N/A,N/A,N/A,N/A,N/A
O'Callaghan MS,N/A,N/A,N/A,N/A,N/A,N/A,N/A,N/A,N/A,N/A,N/A,N/A,0,<5,0,<5,0,<5
O'Roarke ES,0,<5,-,-,0,<5,0,<5,0,<5,0,<5,N/A,N/A,N/A,N/A,N/A,N/A
Ober ES,0,<5,0,<5,0,<5,0,<5,-,-,0,<5,N/A,N/A,N/A,N/A,N/A,N/A
Odyssey Charter ES,0,<5,0,<5,0,<5,0,<5,0,<5,0,<5,N/A,N/A,N/A,N/A,N/A,N/A
Odyssey Charter MS,N/A,N/A,N/A,N/A,N/A,N/A,N/A,N/A,N/A,N/A,N/A,N/A,0,<5,-,-,0,<5
Orr MS,N/A,N/A,N/A,N/A,N/A,N/A,N/A,N/A,N/A,N/A,N/A,N/A,0,<5,0,<5,-,-
Paradise PDS,0,<5,0,<5,0,<5,0,<5,0,<5,0,<5,N/A,N/A,N/A,N/A,N/A,N/A
Park ES,-,-,-,-,0,<5,0,<5,0,<5,-,-,N/A,N/A,N/A,N/A,N/A,N/A
Parson ES,0,<5,-,-,0,<5,0,<5,0,<5,-,-,N/A,N/A,N/A,N/A,N/A,N/A
Perkins (Dr. Claude G.) ES,0,<5,0,<5,0,<5,0,<5,-,-,0,<5,N/A,N/A,N/A,N/A,N/A,N/A
Perkins (Ute) ES,-,-,-,-,0,<5,0,<5,0,<5,0,<5,N/A,N/A,N/A,N/A,N/A,N/A
Petersen ES,-,-,-,-,-,-,-,-,0,<5,0,<5,N/A,N/A,N/A,N/A,N/A,N/A
Peterson Behavior Jr./Sr. HS,N/A,N/A,N/A,N/A,N/A,N/A,N/A,N/A,N/A,N/A,N/A,N/A,0,<5,0,<5,-,-
Piggott ES,-,-,0,<5,0,<5,0,<5,0,<5,0,<5,N/A,N/A,N/A,N/A,N/A,N/A
Pittman ES,0,<5,0,<5,0,<5,0,<5,0,<5,0,<5,N/A,N/A,N/A,N/A,N/A,N/A
Priest ES,0,<5,-,-,-,-,0,<5,0,<5,0,<5,N/A,N/A,N/A,N/A,N/A,N/A
Rainbow Dreams Academy,-,-,N/A,N/A,N/A,N/A,N/A,N/A,N/A,N/A,N/A,N/A,N/A,N/A,N/A,N/A,N/A,N/A
Red Rock ES,0,<5,-,-,-,-,-,-,0,<5,0,<5,N/A,N/A,N/A,N/A,N/A,N/A
Reed ES,0,<5,0,<5,0,<5,-,-,0,<5,0,<5,N/A,N/A,N/A,N/A,N/A,N/A
Reedom ES,-,-,0,<5,0,<5,0,<5,0,<5,0,<5,N/A,N/A,N/A,N/A,N/A,N/A
Reid ES,0,<5,0,<5,N/A,N/A,0,<5,0,<5,0,<5,N/A,N/A,N/A,N/A,N/A,N/A
Rhodes ES,-,-,0,<5,0,<5,0,<5,0,<5,0,<5,N/A,N/A,N/A,N/A,N/A,N/A
Ries ES,0,<5,0,<5,0,<5,0,<5,0,<5,0,<5,N/A,N/A,N/A,N/A,N/A,N/A
Roberts ES,0,<5,-,-,-,-,0,<5,0,<5,0,<5,N/A,N/A,N/A,N/A,N/A,N/A
Robison MS,N/A,N/A,N/A,N/A,N/A,N/A,N/A,N/A,N/A,N/A,N/A,N/A,0,<5,-,-,0,<5
Rogers ES,-,-,-,-,-,-,-,-,0,<5,0,<5,N/A,N/A,N/A,N/A,N/A,N/A
Rogich MS,N/A,N/A,N/A,N/A,N/A,N/A,N/A,N/A,N/A,N/A,N/A,N/A,0,<5,0,<5,0,<5
Ronnow ES,0,<5,0,<5,0,<5,0,<5,0,<5,0,<5,N/A,N/A,N/A,N/A,N/A,N/A
Ronzone ES,-,-,0,<5,-,-,0,<5,0,<5,0,<5,N/A,N/A,N/A,N/A,N/A,N/A
Roundy ES,-,-,0,<5,-,-,0,<5,0,<5,0,<5,N/A,N/A,N/A,N/A,N/A,N/A
Rowe ES,0,<5,-,-,0,<5,0,<5,0,<5,0,<5,N/A,N/A,N/A,N/A,N/A,N/A
Rundle ES,0,<5,-,-,0,<5,0,<5,0,<5,0,<5,N/A,N/A,N/A,N/A,N/A,N/A
Sandy Valley ES,0,<5,0,<5,0,<5,0,<5,0,<5,0,<5,N/A,N/A,N/A,N/A,N/A,N/A
Sandy Valley Jr/Sr HS,N/A,N/A,N/A,N/A,N/A,N/A,N/A,N/A,N/A,N/A,N/A,N/A,0,<5,0,<5,0,<5
Saville MS,N/A,N/A,N/A,N/A,N/A,N/A,N/A,N/A,N/A,N/A,N/A,N/A,-,-,-,-,-,-
Sawyer MS,N/A,N/A,N/A,N/A,N/A,N/A,N/A,N/A,N/A,N/A,N/A,N/A,0,<5,0,<5,-,-
Scherkenbach ES,-,-,0,<5,0,<5,-,-,0,<5,0,<5,N/A,N/A,N/A,N/A,N/A,N/A
Schofield MS,N/A,N/A,N/A,N/A,N/A,N/A,N/A,N/A,N/A,N/A,N/A,N/A,0,<5,-,-,-,-
Schorr ES,-,-,0,<5,-,-,0,<5,-,-,0,<5,N/A,N/A,N/A,N/A,N/A,N/A
Scott ES,0,<5,0,<5,0,<5,0,<5,0,<5,0,<5,N/A,N/A,N/A,N/A,N/A,N/A
Sedway MS,N/A,N/A,N/A,N/A,N/A,N/A,N/A,N/A,N/A,N/A,N/A,N/A,-,-,-,-,0,<5
Sewell ES,0,<5,0,<5,0,<5,0,<5,0,<5,0,<5,N/A,N/A,N/A,N/A,N/A,N/A
Shirley A Barber Elementary,0,<5,-,-,0,<5,0,<5,0,<5,0,<5,N/A,N/A,N/A,N/A,N/A,N/A
Silvestri JHS,N/A,N/A,N/A,N/A,N/A,N/A,N/A,N/A,N/A,N/A,N/A,N/A,0,<5,-,-,11,<5
Simmons ES,0,<5,0,<5,0,<5,0,<5,0,<5,0,<5,N/A,N/A,N/A,N/A,N/A,N/A
Smalley ES,-,-,0,<5,0,<5,0,<5,0,<5,0,<5,N/A,N/A,N/A,N/A,N/A,N/A
Smith (Hal) ES,-,-,-,-,-,-,0,<5,0,<5,0,<5,N/A,N/A,N/A,N/A,N/A,N/A
Smith (Helen) ES,0,<5,0,<5,0,<5,0,<5,0,<5,0,<5,N/A,N/A,N/A,N/A,N/A,N/A
Smith (J.D.) MS,N/A,N/A,N/A,N/A,N/A,N/A,N/A,N/A,N/A,N/A,N/A,N/A,-,-,-,-,-,-
Snyder ES,0,<5,0,<5,0,<5,0,<5,0,<5,0,<5,N/A,N/A,N/A,N/A,N/A,N/A
Snyder ES,-,-,-,-,-,-,-,-,-,-,-,-,N/A,N/A,N/A,N/A,N/A,N/A
South Continuation Jr./Sr. Hig,N/A,N/A,N/A,N/A,N/A,N/A,N/A,N/A,N/A,N/A,N/A,N/A,0,<5,0,<5,0,<5
Spring Mountain Jr/Sr HS,N/A,N/A,N/A,N/A,N/A,N/A,N/A,N/A,N/A,N/A,N/A,N/A,N/A,N/A,N/A,N/A,0,<5
Squires ES,-,-,-,-,-,-,0,<5,0,<5,0,<5,N/A,N/A,N/A,N/A,N/A,N/A
Stanford ES,0,<5,0,<5,0,<5,0,<5,0,<5,0,<5,N/A,N/A,N/A,N/A,N/A,N/A
Staton ES,0,<5,-,-,0,<5,-,-,0,<5,0,<5,N/A,N/A,N/A,N/A,N/A,N/A
Steele ES,-,-,0,<5,-,-,0,<5,0,<5,0,<5,N/A,N/A,N/A,N/A,N/A,N/A
Stevens Elementary School,-,-,11,8.4,-,-,0,<5,0,<5,0,<5,N/A,N/A,N/A,N/A,N/A,N/A
Stewart School,0,<5,0,<5,0,<5,0,<5,0,<5,0,<5,0,<5,0,<5,0,<5
Stuckey ES,0,<5,0,<5,0,<5,0,<5,0,<5,0,<5,N/A,N/A,N/A,N/A,N/A,N/A
Summit View J/SHS,N/A,N/A,N/A,N/A,N/A,N/A,N/A,N/A,N/A,N/A,N/A,N/A,N/A,N/A,N/A,N/A,N/A,N/A
Sunrise Acres ES,-,-,0,<5,0,<5,0,<5,0,<5,0,<5,N/A,N/A,N/A,N/A,N/A,N/A
Swainston MS,N/A,N/A,N/A,N/A,N/A,N/A,N/A,N/A,N/A,N/A,N/A,N/A,0,<5,0,<5,-,-
Tanaka ES,0,<5,0,<5,0,<5,0,<5,0,<5,0,<5,N/A,N/A,N/A,N/A,N/A,N/A
Tarkanian MS,N/A,N/A,N/A,N/A,N/A,N/A,N/A,N/A,N/A,N/A,N/A,N/A,0,<5,0,<5,0,<5
Tarr ES,-,-,0,<5,0,<5,0,<5,0,<5,0,<5,N/A,N/A,N/A,N/A,N/A,N/A
Tartan ES,-,-,-,-,0,<5,-,-,-,-,0,<5,N/A,N/A,N/A,N/A,N/A,N/A
Tate ES,-,-,-,-,-,-,0,<5,0,<5,0,<5,N/A,N/A,N/A,N/A,N/A,N/A
Taylor (Glen) ES,-,-,-,-,-,-,0,<5,0,<5,0,<5,N/A,N/A,N/A,N/A,N/A,N/A
Taylor (Robert) ES,-,-,-,-,0,<5,0,<5,0,<5,0,<5,N/A,N/A,N/A,N/A,N/A,N/A
Thiriot ES,0,<5,-,-,-,-,0,<5,-,-,0,<5,N/A,N/A,N/A,N/A,N/A,N/A
Thomas ES,-,-,-,-,0,<5,0,<5,0,<5,0,<5,N/A,N/A,N/A,N/A,N/A,N/A
Thompson ES,-,-,0,<5,-,-,0,<5,0,<5,0,<5,N/A,N/A,N/A,N/A,N/A,N/A
"Thompson, Tyrone ES",-,-,0,<5,-,-,-,-,-,-,0,<5,N/A,N/A,N/A,N/A,N/A,N/A
Thorpe ES,0,<5,0,<5,0,<5,0,<5,0,<5,0,<5,N/A,N/A,N/A,N/A,N/A,N/A
Tobler ES,0,<5,0,<5,-,-,0,<5,0,<5,0,<5,N/A,N/A,N/A,N/A,N/A,N/A
Tomiyasu ES,-,-,-,-,-,-,-,-,-,-,-,-,N/A,N/A,N/A,N/A,N/A,N/A
Treem ES,0,<5,0,<5,0,<5,0,<5,0,<5,0,<5,N/A,N/A,N/A,N/A,N/A,N/A
Triggs ES,0,<5,0,<5,0,<5,0,<5,0,<5,0,<5,N/A,N/A,N/A,N/A,N/A,N/A
Twin Lakes ES,-,-,-,-,0,<5,-,-,-,-,0,<5,N/A,N/A,N/A,N/A,N/A,N/A
Twitchell ES,0,<5,-,-,-,-,0,<5,0,<5,0,<5,N/A,N/A,N/A,N/A,N/A,N/A
Ullom ES,0,<5,0,<5,0,<5,0,<5,-,-,0,<5,N/A,N/A,N/A,N/A,N/A,N/A
Vanderburg ES,0,<5,-,-,0,<5,0,<5,-,-,0,<5,N/A,N/A,N/A,N/A,N/A,N/A
Variety ES,N/A,N/A,0,<5,0,<5,0,<5,0,<5,0,<5,N/A,N/A,N/A,N/A,N/A,N/A
Variety SEC,N/A,N/A,N/A,N/A,N/A,N/A,N/A,N/A,N/A,N/A,N/A,N/A,0,<5,0,<5,0,<5
Vassiliadis ES,0,<5,-,-,0,<5,0,<5,0,<5,0,<5,N/A,N/A,N/A,N/A,N/A,N/A
Vegas Verdes ES,0,<5,0,<5,0,<5,0,<5,0,<5,0,<5,N/A,N/A,N/A,N/A,N/A,N/A
Virgin Valley ES,-,-,0,<5,-,-,0,<5,0,<5,0,<5,N/A,N/A,N/A,N/A,N/A,N/A
Von Tobel MS,N/A,N/A,N/A,N/A,N/A,N/A,N/A,N/A,N/A,N/A,N/A,N/A,0,<5,0,<5,0,<5
Walker International ES,0,<5,-,-,0,<5,0,<5,0,<5,0,<5,N/A,N/A,N/A,N/A,N/A,N/A
Wallin ES,0,<5,-,-,0,<5,0,<5,0,<5,0,<5,N/A,N/A,N/A,N/A,N/A,N/A
Ward (Gene) ES,-,-,-,-,0,<5,-,-,0,<5,0,<5,N/A,N/A,N/A,N/A,N/A,N/A
Ward (Kitty) ES,0,<5,0,<5,0,<5,0,<5,0,<5,0,<5,N/A,N/A,N/A,N/A,N/A,N/A
Warren ES,-,-,0,<5,0,<5,0,<5,0,<5,0,<5,N/A,N/A,N/A,N/A,N/A,N/A
Wasden ES,0,<5,0,<5,0,<5,0,<5,0,<5,0,<5,N/A,N/A,N/A,N/A,N/A,N/A
Watson ES,-,-,0,<5,-,-,0,<5,0,<5,0,<5,N/A,N/A,N/A,N/A,N/A,N/A
Webb MS,N/A,N/A,N/A,N/A,N/A,N/A,N/A,N/A,N/A,N/A,N/A,N/A,0,<5,-,-,0,<5
Wengert ES,0,<5,-,-,-,-,-,-,0,<5,0,<5,N/A,N/A,N/A,N/A,N/A,N/A
West Prep ES,0,<5,0,<5,0,<5,0,<5,0,<5,0,<5,N/A,N/A,N/A,N/A,N/A,N/A
West Prep Sec,N/A,N/A,N/A,N/A,N/A,N/A,N/A,N/A,N/A,N/A,N/A,N/A,-,-,-,-,0,<5
White MS,N/A,N/A,N/A,N/A,N/A,N/A,N/A,N/A,N/A,N/A,N/A,N/A,0,<5,-,-,0,<5
Whitney ES,0,<5,0,<5,0,<5,0,<5,0,<5,0,<5,N/A,N/A,N/A,N/A,N/A,N/A
Wiener ES,0,<5,-,-,-,-,0,<5,0,<5,0,<5,N/A,N/A,N/A,N/A,N/A,N/A
Wilhelm ES,-,-,0,<5,0,<5,-,-,0,<5,0,<5,N/A,N/A,N/A,N/A,N/A,N/A
Williams (Tom) ES,0,<5,-,-,-,-,-,-,0,<5,0,<5,N/A,N/A,N/A,N/A,N/A,N/A
Williams (Wendell) ES,0,<5,0,<5,0,<5,0,<5,0,<5,0,<5,N/A,N/A,N/A,N/A,N/A,N/A
Wolfe (Eva) ES,0,<5,0,<5,0,<5,0,<5,0,<5,0,<5,N/A,N/A,N/A,N/A,N/A,N/A
Wolff (Elise) ES,0,<5,0,<5,0,<5,0,<5,0,<5,0,<5,N/A,N/A,N/A,N/A,N/A,N/A
Woodbury MS,N/A,N/A,N/A,N/A,N/A,N/A,N/A,N/A,N/A,N/A,N/A,N/A,0,<5,0,<5,-,-
Woolley ES,0,<5,-,-,0,<5,-,-,0,<5,0,<5,N/A,N/A,N/A,N/A,N/A,N/A
Wright ES,0,<5,0,<5,0,<5,0,<5,0,<5,0,<5,N/A,N/A,N/A,N/A,N/A,N/A
Wynn ES,0,<5,0,<5,0,<5,0,<5,0,<5,0,<5,N/A,N/A,N/A,N/A,N/A,N/A
